{"cameraMode":{"drawMode":0,"name":"Shaded","section":"Shading Mode"},"sceneLighting":false,"audioPlay":false,"sceneViewState":{"showFog":false,"showMaterialUpdate":false,"showSkybox":false,"showFlares":false,"showImageEffects":false,"showParticleSystems":true},"in2DMode":false,"pivot":{"x":6.427213668823242,"y":-3.6304872035980226,"z":12.289375305175782},"rotation":{"x":0.05290329083800316,"y":-0.19789062440395356,"z":0.010696473531425,"w":0.9787370562553406},"size":30.936153411865236,"orthographic":false}