{"cameraMode":{"drawMode":0,"name":"Shaded","section":"Shading Mode"},"sceneLighting":false,"audioPlay":false,"sceneViewState":{"showFog":false,"showMaterialUpdate":false,"showSkybox":false,"showFlares":false,"showImageEffects":false,"showParticleSystems":true},"in2DMode":false,"pivot":{"x":-5.74098014831543,"y":-23.45696258544922,"z":10.825450897216797},"rotation":{"x":-0.3897167146205902,"y":-0.13544879853725434,"z":0.05806717649102211,"w":-0.9090669751167297},"size":86.78563690185547,"orthographic":false}